patient_id,name,gender,date_of_birth,address,phone_number,email,emergency_contact,insurance_provider,insurance_policy_number
5,Charles White,male,1978-03-23,"2885 Alexander Parks Apt. 714
Port Rebeccaberg, TX 27960",(210)947-2905x49707,nicoleconley@example.com,674-346-9353x6097,Harris Ltd,835-58-6435
6,Joshua Li,male,1953-08-26,"39400 Marie Throughway Suite 387
Lake Deniseside, VA 45197",(314)597-7927x6894,haileylee@example.org,400-501-6158,Wheeler Group,599-67-7432
10,Russell Brooks,male,1940-07-30,"7202 Hall Passage
New Johnathanhaven, CA 21034",8142162065,rachelramirez@example.org,001-444-210-9791,"Odonnell, Day and Henderson",212-91-2252
11,Christopher Patel,male,1955-09-24,"PSC 5901, Box 1576
APO AP 91827",001-672-397-8282x61225,jwhite@example.org,653.217.1295,Weiss-Ellis,515-97-0852
12,Brandon Logan,male,1976-01-29,"062 Weaver Parkway Apt. 825
Floresmouth, MO 78414",357.867.7209,cbowen@example.com,001-636-443-7482x1957,"Hawkins, Shannon and Weeks",167-69-9515
17,Kevin Johnston,male,1984-06-21,"2373 Chambers Avenue
New Andrew, SD 61853",4068831273,brookemcclain@example.com,4056085507,Navarro Ltd,029-38-2940
22,Earl Jackson,male,1911-07-26,"65760 Little Streets Suite 481
West Brenda, HI 27051",970.597.7089x234,briana68@example.net,+1-434-970-8903,Allen LLC,673-23-5329
29,John Molina,male,1941-05-08,"972 Andrew Squares Suite 651
East Johnport, NC 69932",001-484-418-5189,valerieeaton@example.net,001-926-508-9528x652,Rhodes-Ramirez,254-13-6999
31,David Moore,male,1996-07-01,"2277 Stacy Mill
West David, VA 09053",(989)947-9478,hortiz@example.net,306-206-1324x3593,"Mcguire, Meyer and Christensen",874-97-7346
32,Thomas Davis,male,1968-02-27,"241 Pamela Estate Apt. 994
Lake Sharon, NM 14796",663.296.1014x900,robertsjoshua@example.org,(388)922-4559x77702,"Cox, Hansen and Evans",404-15-2836
36,Brian Cruz,male,1951-06-06,"53160 Lindsey Estate Suite 280
Bryanside, TN 28185",001-421-454-5507,samuel45@example.org,001-280-645-9637,Payne PLC,212-98-6711
38,David Foster,male,1997-07-20,"521 Anthony Motorway
Sierraberg, MD 55530",8896037040,cobbdavid@example.net,281-895-9823x06965,Parker Inc,627-37-3802
40,James Bishop,male,1987-07-05,"748 Linda Manor Suite 934
Millertown, WV 56899",(747)457-5324,hunterkenneth@example.net,001-477-316-0597x9438,Ross-Poole,430-38-1410
43,Donald Marquez,male,1979-03-05,"USCGC Green
FPO AA 08148",7513818913,tsmith@example.net,+1-737-581-1308x432,Lee-Perez,188-63-6431
45,Jonathan Webb,male,1919-03-28,"Unit 4501 Box 8521
DPO AE 52923",593.446.0656x37834,kathleenclark@example.org,+1-853-513-0814x11857,"Price, Jimenez and Rice",714-14-6556
47,Matthew Krueger,male,1948-07-14,"050 Joel Knoll
Stevenberg, HI 55002",857-507-0162x80851,angelawerner@example.com,(466)283-5629x76858,Gonzales Inc,316-11-9239
48,Devin Blair,male,1950-05-01,"15143 Christina Course
Emilyfort, MH 38052",(698)832-3907x511,dmarks@example.org,468.494.1137x7275,"Cohen, Nelson and Stephens",492-82-0309
51,John Butler,male,1944-02-29,"446 Manuel Club
Donaldsontown, OK 28433",549-923-1923,andersondavid@example.com,(744)709-7105,Meza-Romero,006-95-2440
54,Mr. Phillip Torres,male,1943-04-23,"49184 Hughes Extensions
Mackenziefurt, NJ 26038",+1-706-844-1962x46538,james86@example.org,+1-980-795-1225,Howard-Taylor,185-64-7596
58,Keith Stewart,male,2013-05-19,"33444 Neal Shore
Harrisberg, WA 85960",780-827-9579,kathleen50@example.org,(595)356-7753,Neal LLC,325-77-6595
70,Nicholas Lewis,male,1908-12-29,"991 Brandon Oval
South Hector, RI 04160",283-959-4839x3601,patricia13@example.com,664-472-5860x738,Stone-Williams,154-50-3886
71,Troy Fernandez,male,1969-06-01,"522 Guerra Plain Apt. 814
Meganfort, SC 56775",387.376.8815x846,joseph57@example.org,562-804-5647x52475,"Davis, Gonzales and Hurst",875-17-4844
72,Jeffrey Parker,male,1921-12-21,"6925 Ashley Summit
Hectorfort, FM 35284",3327307484,fryleonard@example.com,001-578-859-1618x5595,"Meyer, Jones and Quinn",006-73-2430
73,Jeffrey Solomon,male,1984-06-03,"703 Silva Villages Apt. 038
Martinfort, NC 54015",+1-782-343-2186x014,lilatoya@example.com,643-789-7180x63733,Johnson Inc,240-89-7737
80,Rodney Clayton,male,1930-12-08,"PSC 9922, Box 0132
APO AE 22545",001-328-937-8265,ahudson@example.org,001-977-455-0823,"Parks, Tucker and Kemp",760-80-1118
85,Patrick Hughes,male,1956-05-06,"55728 Andrew Throughway Suite 021
New Isaactown, OR 14747",001-621-244-6227,joseph09@example.com,300-770-9445x21832,"Medina, Martinez and Blanchard",101-96-0689
86,Ethan Morales,male,2002-12-02,"589 Smith Points
Robertsberg, SD 91781",(205)370-1705x6180,smithkenneth@example.org,+1-942-613-7269x9179,Robertson and Sons,263-29-0992
88,Scott Thomas,male,1982-12-26,"1027 Rachel Forest
Lake Stephanie, FL 24329",+1-485-870-0137x46892,nathan88@example.net,976.951.5184x1036,"Lewis, Smith and Jarvis",678-09-1470
89,Michael Ray,male,1942-11-08,"4649 Cole Square
Bergerbury, WA 93594",732.472.0186x47598,heather46@example.net,588-402-3849,"Garcia, Davis and Robles",877-92-6868
90,Roy Thompson,male,1985-12-21,"2451 Dana Gardens Apt. 697
Port David, LA 25433",+1-847-361-7365x7436,frazierbrian@example.org,001-839-412-1925x425,Simpson-Davis,737-36-8145
92,Cody Owens,male,2018-07-04,"9805 Brooks Walks Suite 830
North Rebecca, AK 57145",+1-372-835-8544,lisagross@example.com,872-487-5376,"Jenkins, Willis and Oconnor",483-27-6023
93,Matthew Myers,male,1990-01-16,"2589 Smith Bypass
Brennanshire, TN 48413",(609)306-0736x9328,david49@example.net,+1-951-588-9214x2170,"Sampson, Williams and Contreras",039-14-0607
96,Patrick Garcia,male,1977-10-04,"518 Kendra Park Apt. 754
East Julie, FL 90014",887.519.5460,jharris@example.org,(504)843-9595,Fuller-Martinez,146-19-4165
102,Patrick Park,male,1958-04-25,"22368 Rodriguez Passage
Benjaminton, SD 11809",001-456-547-4836x763,jamesjohnson@example.org,963-789-9044x233,Shaw-Smith,432-16-3105
104,Steven Hahn,male,1995-10-15,"165 Parker Stream Suite 875
Baileytown, GA 99087",+1-833-481-6113x3016,hollanddaniel@example.net,884.316.4596x80815,Holmes Group,438-38-9880
107,Jack Price,male,1967-08-04,"92060 Julia Glens Suite 561
Lake Alexandramouth, ID 22809",289-339-0953,melissawest@example.com,627-766-3145x278,Wood-Matthews,801-14-0390
108,Christopher Booker,male,1929-09-29,"405 Jones Mountains
Dillonview, MH 31155",+1-240-457-4169x44140,melinda03@example.com,633.730.6803x5158,Copeland Ltd,815-29-9049
109,Derrick Vargas,male,2011-03-23,"1843 Frazier Prairie Suite 347
North Michelle, MD 09179",001-971-730-6399x020,xsmith@example.org,+1-576-823-6880x2372,Barrett Ltd,549-29-6847
110,Jose Jones V,male,1936-04-17,"38569 Vanessa Dale Apt. 282
Ortizburgh, NY 95134",2588038820,lreyes@example.net,(352)516-5832x78193,Pratt and Sons,806-51-8070
112,Donald Wood,male,1940-07-18,"977 Barajas View
Perezside, KY 95690",380.346.2144,bartondavid@example.com,001-416-598-0793x862,Jackson-Trevino,215-78-3897
114,Jason Wilkerson,male,1981-03-17,"6379 Jackson Stravenue Suite 818
South Michellemouth, VA 18411",(563)681-7181,joseph70@example.com,595-293-1195,Vaughan-Gordon,461-67-7093
115,David Chen,male,1929-02-13,"USCGC Shannon
FPO AP 80158",+1-263-570-7121x043,alexandercarol@example.net,(443)585-5381x25106,Williams and Sons,657-50-7448
116,Craig Nguyen,male,1978-08-22,"381 Holmes Islands Suite 943
East Dannyland, KS 06167",785-999-3969,jeffreyalexander@example.net,7644634057,"Collins, Curry and Hayes",861-10-9631
119,Jeremy Hall,male,2001-06-02,"18422 Amber Parks
East Samanthaland, AS 37665",(999)553-3711x20808,phillipswilliam@example.org,001-772-416-6864x9714,Jimenez Group,876-51-6142
122,Donald Stevens,male,1917-10-23,"611 Nicole Parks Suite 448
Lake Anthonymouth, MI 27922",3128746134,michelle18@example.com,(902)548-9407,Nichols Ltd,599-10-4822
123,Nathan Miller,male,1923-02-18,"367 Chen Spurs
Joshuaborough, IN 21402",5893273717,mthomas@example.com,718.480.1928x63357,Mercado Group,612-64-8373
129,Mark Martin,male,1952-03-29,"723 Andrew Road
Gutierreztown, MA 50693",(377)732-2169,heidi25@example.com,939.759.5272x96449,Wolf-Long,306-38-7329
133,Steve Lewis,male,1921-06-06,"69249 Freeman Falls
Catherineport, CA 46837",(972)697-7055x669,bushbrian@example.org,2526344076,"Anderson, Sherman and Evans",377-75-9680
137,Alex Henderson,male,1946-12-01,"4563 Elizabeth Keys Apt. 050
Port Nicholas, ME 79168",001-546-210-6477,michaelcampbell@example.org,+1-875-360-6401,Esparza-Silva,501-27-1291
140,Jacob Johnson,male,1973-11-23,"615 Williams Skyway
North Nicholasland, MI 77366",3425608832,lancesosa@example.org,(211)772-6885x439,Gallagher-Morgan,267-72-0211